Samples,Accuracy,Time
50,0.55,0.01763629913330078
100,0.55,0.015386104583740234
200,0.55,0.01353144645690918
500,0.55,0.0033206939697265625
